CustomerID,Subscription_ID,Tenure,NumTransactions,AvgTransactionAmount,Churned,Age,Gender,City,AccountType,MonthlyFee,Plan_Type,Duration_Months,Price_INR,Start_Date,End_Date,Status,Payment_Method,create_datetime,update_datetime
C0087,S0002,20,42,2433.74,Yes,18,F,Ahmedabad,Premium,499,Monthly,1,499,2024-09-02,2024-10-02,On Hold,Net Banking,2025-08-16 12:40:12,2025-08-16 13:20:01
C0255,S0004,15,6,2720.35,No,22,F,Bengaluru,Basic,2499,Custom,8,19992,2023-09-18,2024-05-18,Expired,Net Banking,2025-08-16 12:40:12,2025-08-16 13:20:01
C0304,S0008,43,75,4420.2,No,50,M,Pune,Basic,999,Quarterly,3,2997,2024-05-30,2024-08-30,Active,Debit Card,2025-08-16 12:40:12,2025-08-16 13:20:01
C0319,S0018,59,97,3183.81,No,52,Other,Delhi,Basic,999,Custom,6,5994,2025-03-22,2025-09-22,Expired,Debit Card,2025-08-16 12:40:12,2025-08-16 13:20:01
C0100,S0020,30,81,1323.8,Yes,40,Other,Jaipur,Basic,499,Custom,11,5489,2024-06-29,2025-05-29,On Hold,UPI,2025-08-16 12:40:12,2025-08-16 13:20:01
C0026,S0029,17,21,4495.93,Yes,32,Other,Mumbai,Standard,2499,Quarterly,3,7497,2024-03-27,2024-06-27,Expired,Credit Card,2025-08-16 12:40:12,2025-08-16 13:20:01
C0062,S0050,27,24,3427.6,No,23,M,Lucknow,Standard,1499,Custom,8,11992,2025-07-01,2026-03-01,Cancelled,UPI,2025-08-16 12:40:12,2025-08-16 13:20:01
C0469,S0059,40,38,4932.94,Yes,33,Other,Pune,Basic,1999,Custom,1,1999,2024-02-02,2024-03-02,On Hold,Debit Card,2025-08-16 12:40:12,2025-08-16 13:20:01
C0135,S0067,47,12,2365.52,No,56,M,Pune,Basic,999,Custom,4,3996,2024-08-13,2024-12-13,Expired,UPI,2025-08-16 12:40:12,2025-08-16 13:20:01
C0209,S0075,18,35,3932.21,No,33,Other,Ahmedabad,Standard,1499,Monthly,1,1499,2023-09-10,2023-10-10,Expired,Debit Card,2025-08-16 12:40:12,2025-08-16 13:20:01
C0114,S0079,53,114,1670.11,Yes,41,Other,Kolkata,Standard,999,Monthly,1,999,2024-11-19,2024-12-19,Expired,UPI,2025-08-16 12:40:12,2025-08-16 13:20:01
C0227,S0081,4,5,4131.99,No,29,M,Pune,Standard,1499,Annual,12,17988,2025-05-13,2026-05-13,Cancelled,UPI,2025-08-16 12:40:12,2025-08-16 13:20:01
C0134,S0088,51,35,958.99,Yes,53,Other,Chennai,Standard,1499,Annual,12,17988,2025-08-11,2026-08-11,Expired,Debit Card,2025-08-16 12:40:12,2025-08-16 13:20:01
C0480,S0089,34,18,4766.42,Yes,35,M,Hyderabad,Standard,499,Annual,12,5988,2024-12-07,2025-12-07,On Hold,Debit Card,2025-08-16 12:40:12,2025-08-16 13:20:01
C0301,S0092,57,115,4436.61,Yes,27,M,Lucknow,Basic,2499,Quarterly,3,7497,2024-04-17,2024-07-17,Active,UPI,2025-08-16 12:40:12,2025-08-16 13:20:01
C0445,S0098,22,59,2666.42,No,35,Other,Hyderabad,Premium,1999,Annual,12,23988,2025-01-23,2026-01-23,Expired,UPI,2025-08-16 12:40:12,2025-08-16 13:20:01
C0091,S0099,47,141,2544.83,No,34,F,Kolkata,Basic,2499,Custom,12,29988,2025-01-13,2026-01-13,Cancelled,Net Banking,2025-08-16 12:40:12,2025-08-16 13:20:01
C0161,S0105,8,12,1456.72,Yes,51,Other,Chennai,Standard,2499,Custom,1,2499,2025-01-18,2025-02-18,Cancelled,Debit Card,2025-08-16 12:40:12,2025-08-16 13:20:01
C0115,S0114,60,73,1482.44,Yes,26,M,Bengaluru,Basic,2499,Custom,8,19992,2025-07-22,2026-03-22,Active,Debit Card,2025-08-16 12:40:12,2025-08-16 13:20:01
C0327,S0119,45,13,2170.41,Yes,48,Other,Pune,Basic,1499,Annual,12,17988,2023-09-30,2024-09-30,On Hold,UPI,2025-08-16 12:40:12,2025-08-16 13:20:01
C0210,S0125,53,106,4344.13,Yes,39,F,Pune,Basic,499,Monthly,1,499,2024-12-18,2025-01-18,Expired,Credit Card,2025-08-16 12:40:12,2025-08-16 13:20:01
C0298,S0139,36,72,833.37,Yes,26,F,Lucknow,Premium,2499,Monthly,1,2499,2024-09-11,2024-10-11,On Hold,UPI,2025-08-16 12:40:12,2025-08-16 13:20:01
C0272,S0141,16,4,1553.47,No,29,M,Ahmedabad,Premium,499,Quarterly,3,1497,2023-10-17,2024-01-17,Active,Debit Card,2025-08-16 12:40:12,2025-08-16 13:20:01
C0202,S0151,10,4,2130.22,Yes,26,F,Kolkata,Standard,1499,Monthly,1,1499,2025-02-23,2025-03-23,On Hold,Net Banking,2025-08-16 12:40:12,2025-08-16 13:20:01
C0006,S0154,26,77,1134.82,No,37,F,Pune,Premium,1499,Quarterly,3,4497,2024-11-17,2025-02-17,Active,Net Banking,2025-08-16 12:40:12,2025-08-16 13:20:01
C0361,S0155,47,131,880.21,Yes,37,F,Lucknow,Premium,499,Annual,12,5988,2023-09-07,2024-09-07,Cancelled,Net Banking,2025-08-16 12:40:12,2025-08-16 13:20:01
C0364,S0158,40,98,2895.76,Yes,30,M,Mumbai,Premium,499,Monthly,1,499,2024-05-11,2024-06-11,On Hold,Net Banking,2025-08-16 12:40:12,2025-08-16 13:20:01
C0113,S0166,43,54,1795.48,No,23,M,Mumbai,Basic,999,Quarterly,3,2997,2024-01-17,2024-04-17,Expired,Net Banking,2025-08-16 12:40:12,2025-08-16 13:20:01
C0011,S0176,54,86,1912.17,No,55,Other,Lucknow,Standard,499,Custom,24,11976,2024-03-13,2026-03-13,Active,Net Banking,2025-08-16 12:40:12,2025-08-16 13:20:01
C0435,S0177,20,16,1454.64,Yes,61,F,Ahmedabad,Standard,499,Quarterly,3,1497,2024-10-27,2025-01-27,Cancelled,Credit Card,2025-08-16 12:40:12,2025-08-16 13:20:01
C0450,S0178,16,31,4514.45,No,63,M,Ahmedabad,Basic,1999,Quarterly,3,5997,2024-03-07,2024-06-07,Active,Debit Card,2025-08-16 12:40:12,2025-08-16 13:20:01
C0046,S0185,21,62,3853.64,Yes,18,Other,Pune,Premium,499,Custom,12,5988,2024-08-15,2025-08-15,Expired,Net Banking,2025-08-16 12:40:12,2025-08-16 13:20:01
C0452,S0191,19,50,4095.71,No,27,M,Lucknow,Standard,1999,Monthly,1,1999,2025-07-17,2025-08-17,Expired,Credit Card,2025-08-16 12:40:12,2025-08-16 13:20:01
C0381,S0193,56,20,2693.91,No,44,Other,Hyderabad,Premium,1999,Monthly,1,1999,2025-04-15,2025-05-15,Expired,Debit Card,2025-08-16 12:40:12,2025-08-16 13:20:01
C0406,S0197,59,120,1840.61,Yes,55,F,Hyderabad,Standard,1999,Annual,12,23988,2025-04-02,2026-04-02,Active,Net Banking,2025-08-16 12:40:12,2025-08-16 13:20:01
C0252,S0203,30,23,2900.8,No,23,Other,Bengaluru,Basic,999,Monthly,1,999,2023-11-19,2023-12-19,Expired,Debit Card,2025-08-16 12:40:12,2025-08-16 13:20:01
C0136,S0205,31,25,3555.79,Yes,38,Other,Pune,Basic,1499,Quarterly,3,4497,2025-03-30,2025-06-30,Cancelled,Credit Card,2025-08-16 12:40:12,2025-08-16 13:20:01
C0243,S0206,24,6,1905.77,Yes,65,Other,Ahmedabad,Standard,999,Custom,13,12987,2023-12-28,2025-01-28,Active,Net Banking,2025-08-16 12:40:12,2025-08-16 13:20:01
C0216,S0207,37,96,1289.26,No,44,F,Mumbai,Basic,499,Annual,12,5988,2023-08-31,2024-08-31,Expired,Net Banking,2025-08-16 12:40:12,2025-08-16 13:20:01
C0049,S0214,7,9,3521.07,No,60,Other,Bengaluru,Basic,1999,Custom,13,25987,2024-10-22,2025-11-22,Expired,Credit Card,2025-08-16 12:40:12,2025-08-16 13:20:01
C0299,S0218,54,152,1122.3,Yes,18,Other,Ahmedabad,Basic,1999,Quarterly,3,5997,2023-08-25,2023-11-25,Active,Net Banking,2025-08-16 12:40:12,2025-08-16 13:20:01
C0159,S0222,41,42,2704.95,Yes,21,Other,Kolkata,Basic,999,Monthly,1,999,2025-04-01,2025-05-01,Active,Credit Card,2025-08-16 12:40:12,2025-08-16 13:20:01
C0171,S0227,6,15,1126.78,No,51,Other,Hyderabad,Premium,999,Monthly,1,999,2025-03-30,2025-04-30,Active,UPI,2025-08-16 12:40:12,2025-08-16 13:20:01
C0275,S0229,56,19,1553.98,Yes,61,Other,Chennai,Standard,1999,Monthly,1,1999,2024-03-10,2024-04-10,Cancelled,Credit Card,2025-08-16 12:40:12,2025-08-16 13:20:01
C0176,S0233,59,61,4106.14,No,52,F,Mumbai,Basic,499,Quarterly,3,1497,2025-01-19,2025-04-19,Expired,Net Banking,2025-08-16 12:40:12,2025-08-16 13:20:01
C0219,S0243,31,26,1566.21,No,34,M,Kolkata,Premium,499,Quarterly,3,1497,2024-03-05,2024-06-05,Active,Net Banking,2025-08-16 12:40:12,2025-08-16 13:20:01
C0401,S0248,36,103,3953.86,Yes,59,F,Ahmedabad,Standard,2499,Quarterly,3,7497,2024-04-09,2024-07-09,On Hold,Debit Card,2025-08-16 12:40:12,2025-08-16 13:20:01
C0489,S0249,40,23,3326.57,No,20,F,Lucknow,Premium,1999,Quarterly,3,5997,2025-07-30,2025-10-30,Active,Debit Card,2025-08-16 12:40:12,2025-08-16 13:20:01
C0257,S0250,59,124,1523.11,Yes,26,F,Pune,Premium,1499,Quarterly,3,4497,2023-09-25,2023-12-25,On Hold,Debit Card,2025-08-16 12:40:12,2025-08-16 13:20:01
C0019,S0267,48,105,2860.8,Yes,62,F,Jaipur,Standard,499,Quarterly,3,1497,2025-08-06,2025-11-06,On Hold,Net Banking,2025-08-16 12:40:12,2025-08-16 13:20:01
C0430,S0268,26,65,4591.65,Yes,32,M,Mumbai,Standard,1999,Quarterly,3,5997,2024-05-15,2024-08-15,Cancelled,Debit Card,2025-08-16 12:40:12,2025-08-16 13:20:01
C0101,S0270,45,78,1376.89,Yes,46,F,Mumbai,Premium,2499,Quarterly,3,7497,2025-06-03,2025-09-03,On Hold,UPI,2025-08-16 12:40:12,2025-08-16 13:20:01
C0303,S0271,27,48,3330.24,Yes,24,M,Jaipur,Premium,999,Custom,17,16983,2025-07-03,2026-12-03,Cancelled,Net Banking,2025-08-16 12:40:12,2025-08-16 13:20:01
C0399,S0278,53,56,1197.65,Yes,61,Other,Ahmedabad,Standard,2499,Monthly,1,2499,2024-09-09,2024-10-09,Cancelled,UPI,2025-08-16 12:40:12,2025-08-16 13:20:01
C0149,S0281,20,44,858.05,No,39,M,Kolkata,Premium,1999,Quarterly,3,5997,2024-12-27,2025-03-27,On Hold,UPI,2025-08-16 12:40:12,2025-08-16 13:20:01
C0254,S0282,26,33,4078.33,No,57,F,Delhi,Basic,499,Custom,8,3992,2024-07-18,2025-03-18,Expired,UPI,2025-08-16 12:40:12,2025-08-16 13:20:01
C0477,S0283,59,73,1499.35,No,59,F,Jaipur,Basic,1999,Custom,2,3998,2024-01-11,2024-03-11,Active,Net Banking,2025-08-16 12:40:12,2025-08-16 13:20:01
C0247,S0285,46,122,1901.89,No,24,F,Ahmedabad,Standard,499,Custom,19,9481,2024-02-18,2025-09-18,Expired,UPI,2025-08-16 12:40:12,2025-08-16 13:20:01
C0331,S0286,43,87,4834.94,Yes,33,F,Chennai,Premium,1499,Annual,12,17988,2024-08-13,2025-08-13,Active,Debit Card,2025-08-16 12:40:12,2025-08-16 13:20:01
C0148,S0288,15,29,4334.72,Yes,27,Other,Pune,Basic,999,Monthly,1,999,2025-01-15,2025-02-15,On Hold,Debit Card,2025-08-16 12:40:12,2025-08-16 13:20:01
C0232,S0298,22,22,2546.88,No,36,M,Jaipur,Premium,499,Custom,15,7485,2024-10-20,2026-01-20,On Hold,Debit Card,2025-08-16 12:40:12,2025-08-16 13:20:01
C0467,S0299,44,9,3758.82,No,45,Other,Lucknow,Premium,1999,Quarterly,3,5997,2024-12-17,2025-03-17,On Hold,UPI,2025-08-16 12:40:12,2025-08-16 13:20:01
C0338,S0303,36,46,1152.33,No,46,F,Ahmedabad,Standard,499,Annual,12,5988,2024-12-15,2025-12-15,Cancelled,UPI,2025-08-16 12:40:12,2025-08-16 13:20:01
C0268,S0306,24,54,841.59,Yes,42,M,Mumbai,Standard,1999,Quarterly,3,5997,2024-06-25,2024-09-25,On Hold,Credit Card,2025-08-16 12:40:12,2025-08-16 13:20:01
C0285,S0314,27,33,1097.54,No,55,M,Lucknow,Standard,1499,Quarterly,3,4497,2024-02-17,2024-05-17,Active,Credit Card,2025-08-16 12:40:12,2025-08-16 13:20:01
C0482,S0317,17,7,921.6,No,56,Other,Mumbai,Standard,1499,Annual,12,17988,2025-04-24,2026-04-24,Active,Net Banking,2025-08-16 12:40:12,2025-08-16 13:20:01
C0403,S0322,3,7,1169.2,No,49,F,Ahmedabad,Basic,999,Quarterly,3,2997,2024-12-06,2025-03-06,Active,Debit Card,2025-08-16 12:40:12,2025-08-16 13:20:01
C0051,S0323,3,3,649.68,Yes,40,F,Ahmedabad,Basic,2499,Custom,8,19992,2024-03-27,2024-11-27,On Hold,Debit Card,2025-08-16 12:40:12,2025-08-16 13:20:01
C0104,S0329,46,83,2701.11,Yes,38,Other,Pune,Standard,2499,Custom,8,19992,2024-07-03,2025-03-03,Cancelled,Credit Card,2025-08-16 12:40:12,2025-08-16 13:20:01
C0392,S0331,41,24,4451.87,No,41,F,Mumbai,Premium,999,Annual,12,11988,2023-11-22,2024-11-22,Cancelled,Credit Card,2025-08-16 12:40:12,2025-08-16 13:20:01
C0267,S0339,15,22,3741.47,No,33,Other,Jaipur,Premium,499,Annual,12,5988,2025-04-24,2026-04-24,Active,Net Banking,2025-08-16 12:40:12,2025-08-16 13:20:01
C0441,S0340,6,11,4371.15,No,29,Other,Hyderabad,Basic,2499,Annual,12,29988,2025-06-15,2026-06-15,Expired,Net Banking,2025-08-16 12:40:12,2025-08-16 13:20:01
C0308,S0345,3,5,4007.37,No,54,F,Chennai,Standard,499,Custom,11,5489,2024-08-22,2025-07-22,On Hold,Credit Card,2025-08-16 12:40:12,2025-08-16 13:20:01
C0395,S0353,45,41,4870.23,Yes,47,F,Lucknow,Basic,499,Annual,12,5988,2023-11-13,2024-11-13,On Hold,Debit Card,2025-08-16 12:40:12,2025-08-16 13:20:01
C0449,S0362,36,66,2818.61,No,31,Other,Kolkata,Standard,2499,Quarterly,3,7497,2025-04-28,2025-07-28,Active,Credit Card,2025-08-16 12:40:12,2025-08-16 13:20:01
C0396,S0363,50,16,1570.37,No,21,M,Chennai,Standard,2499,Monthly,1,2499,2023-09-25,2023-10-25,On Hold,UPI,2025-08-16 12:40:12,2025-08-16 13:20:01
C0415,S0364,58,31,4591.72,Yes,34,Other,Kolkata,Premium,1999,Custom,1,1999,2023-09-13,2023-10-13,Active,Credit Card,2025-08-16 12:40:12,2025-08-16 13:20:01
C0038,S0369,4,2,3625.87,No,37,Other,Bengaluru,Premium,499,Custom,1,499,2024-03-11,2024-04-11,Cancelled,UPI,2025-08-16 12:40:12,2025-08-16 13:20:01
C0448,S0370,26,44,890.06,No,22,M,Chennai,Standard,499,Custom,19,9481,2023-10-18,2025-05-18,Cancelled,Net Banking,2025-08-16 12:40:12,2025-08-16 13:20:01
C0455,S0372,9,21,1646.38,Yes,39,Other,Hyderabad,Premium,499,Monthly,1,499,2024-04-01,2024-05-01,Cancelled,Net Banking,2025-08-16 12:40:12,2025-08-16 13:20:01
C0344,S0373,47,67,3879.64,No,64,M,Pune,Basic,1499,Monthly,1,1499,2023-09-20,2023-10-20,On Hold,Credit Card,2025-08-16 12:40:12,2025-08-16 13:20:01
C0141,S0375,29,40,1939.86,Yes,28,F,Delhi,Premium,499,Quarterly,3,1497,2023-09-10,2023-12-10,On Hold,UPI,2025-08-16 12:40:12,2025-08-16 13:20:01
C0025,S0377,59,56,4545.28,No,59,F,Ahmedabad,Standard,1999,Monthly,1,1999,2025-02-25,2025-03-25,Cancelled,Net Banking,2025-08-16 12:40:12,2025-08-16 13:20:01
C0096,S0381,6,18,3574.89,Yes,60,Other,Hyderabad,Basic,1499,Custom,1,1499,2025-07-11,2025-08-11,Expired,Debit Card,2025-08-16 12:40:12,2025-08-16 13:20:01
C0389,S0387,42,119,3015.34,Yes,50,M,Jaipur,Basic,1499,Annual,12,17988,2024-02-08,2025-02-08,On Hold,Net Banking,2025-08-16 12:40:12,2025-08-16 13:20:01
C0194,S0392,29,44,3881.07,Yes,30,F,Mumbai,Standard,2499,Custom,16,39984,2025-02-25,2026-06-25,Expired,UPI,2025-08-16 12:40:12,2025-08-16 13:20:01
C0132,S0393,46,61,1449.17,No,35,Other,Mumbai,Premium,1499,Custom,10,14990,2023-11-06,2024-09-06,On Hold,Credit Card,2025-08-16 12:40:12,2025-08-16 13:20:01
C0355,S0395,8,17,2797.33,Yes,60,Other,Kolkata,Standard,1499,Custom,3,4497,2024-06-13,2024-09-13,Expired,UPI,2025-08-16 12:40:12,2025-08-16 13:20:01
C0056,S0399,54,86,1206.14,Yes,43,F,Bengaluru,Standard,2499,Annual,12,29988,2024-11-12,2025-11-12,Expired,Net Banking,2025-08-16 12:40:12,2025-08-16 13:20:01
C0417,S0400,39,93,4992.74,No,63,M,Ahmedabad,Basic,2499,Annual,12,29988,2025-02-04,2026-02-04,Active,UPI,2025-08-16 12:40:12,2025-08-16 13:20:01
C0044,S0401,13,30,3319.86,Yes,40,M,Jaipur,Standard,999,Custom,24,23976,2023-11-19,2025-11-19,Active,Net Banking,2025-08-16 12:40:12,2025-08-16 13:20:01
C0365,S0403,44,85,1180.13,No,44,F,Lucknow,Standard,2499,Annual,12,29988,2024-09-03,2025-09-03,Expired,Credit Card,2025-08-16 12:40:12,2025-08-16 13:20:01
C0274,S0411,32,80,4559.34,Yes,50,M,Hyderabad,Premium,1999,Custom,21,41979,2024-02-29,2025-11-29,Active,Debit Card,2025-08-16 12:40:12,2025-08-16 13:20:01
C0133,S0413,17,27,4387.36,No,45,Other,Chennai,Premium,2499,Custom,5,12495,2023-12-22,2024-05-22,Active,UPI,2025-08-16 12:40:12,2025-08-16 13:20:01
C0359,S0414,13,6,3702.86,Yes,27,Other,Lucknow,Premium,2499,Annual,12,29988,2024-07-03,2025-07-03,Expired,Debit Card,2025-08-16 12:40:12,2025-08-16 13:20:01
C0443,S0416,44,22,2515.7,Yes,35,Other,Mumbai,Standard,1999,Monthly,1,1999,2024-08-30,2024-09-30,Expired,Credit Card,2025-08-16 12:40:12,2025-08-16 13:20:01
C0350,S0417,51,8,4401.17,Yes,20,M,Bengaluru,Standard,1999,Quarterly,3,5997,2025-04-11,2025-07-11,Expired,Credit Card,2025-08-16 12:40:12,2025-08-16 13:20:01
C0228,S0427,47,14,903.15,No,48,F,Bengaluru,Standard,1999,Custom,9,17991,2024-10-23,2025-07-23,Expired,UPI,2025-08-16 12:40:12,2025-08-16 13:20:01
C0057,S0429,30,74,2159.36,No,47,Other,Bengaluru,Standard,499,Quarterly,3,1497,2024-09-12,2024-12-12,Cancelled,Debit Card,2025-08-16 12:40:12,2025-08-16 13:20:01
C0178,S0431,11,32,2413.72,No,42,M,Bengaluru,Standard,2499,Custom,3,7497,2024-12-28,2025-03-28,Active,Net Banking,2025-08-16 12:40:12,2025-08-16 13:20:01
C0451,S0437,23,9,3012.48,No,26,F,Bengaluru,Premium,1999,Custom,13,25987,2025-01-16,2026-02-16,Cancelled,Debit Card,2025-08-16 12:40:12,2025-08-16 13:20:01
C0362,S0442,11,1,2739.95,No,58,F,Lucknow,Basic,999,Annual,12,11988,2023-11-21,2024-11-21,Active,Credit Card,2025-08-16 12:40:12,2025-08-16 13:20:01
C0169,S0446,40,89,4872.48,Yes,37,M,Lucknow,Basic,499,Monthly,1,499,2023-09-13,2023-10-13,On Hold,Debit Card,2025-08-16 12:40:12,2025-08-16 13:20:01
C0390,S0452,47,10,3702.81,No,22,F,Pune,Standard,499,Quarterly,3,1497,2024-03-27,2024-06-27,On Hold,UPI,2025-08-16 12:40:12,2025-08-16 13:20:01
C0380,S0453,27,74,1951.14,Yes,63,M,Pune,Basic,2499,Monthly,1,2499,2024-03-17,2024-04-17,Expired,Debit Card,2025-08-16 12:40:12,2025-08-16 13:20:01
C0092,S0454,21,5,2335.08,No,47,M,Pune,Standard,499,Annual,12,5988,2023-08-18,2024-08-18,Expired,Net Banking,2025-08-16 12:40:12,2025-08-16 13:20:01
C0495,S0456,11,24,1539.86,Yes,58,F,Mumbai,Standard,1999,Quarterly,3,5997,2024-03-13,2024-06-13,Cancelled,Credit Card,2025-08-16 12:40:12,2025-08-16 13:20:01
C0352,S0461,14,15,1780.65,No,18,Other,Lucknow,Basic,499,Annual,12,5988,2023-11-11,2024-11-11,Active,Debit Card,2025-08-16 12:40:12,2025-08-16 13:20:01
C0109,S0463,36,76,2153.98,Yes,46,F,Jaipur,Basic,1999,Monthly,1,1999,2024-09-06,2024-10-06,Active,Credit Card,2025-08-16 12:40:12,2025-08-16 13:20:01
C0099,S0470,8,18,3499.26,No,19,Other,Jaipur,Premium,1999,Custom,10,19990,2024-06-07,2025-04-07,On Hold,UPI,2025-08-16 12:40:12,2025-08-16 13:20:01
C0335,S0472,32,28,3954.13,Yes,53,F,Delhi,Premium,499,Annual,12,5988,2024-11-06,2025-11-06,Expired,Net Banking,2025-08-16 12:40:12,2025-08-16 13:20:01
C0021,S0476,3,2,2957.25,Yes,23,M,Mumbai,Premium,1499,Monthly,1,1499,2025-01-25,2025-02-25,On Hold,UPI,2025-08-16 12:40:12,2025-08-16 13:20:01
C0346,S0477,38,35,1702.38,Yes,62,Other,Kolkata,Basic,2499,Monthly,1,2499,2024-12-25,2025-01-25,Cancelled,UPI,2025-08-16 12:40:12,2025-08-16 13:20:01
C0372,S0481,19,29,2507.96,No,44,Other,Bengaluru,Standard,499,Annual,12,5988,2024-04-18,2025-04-18,Cancelled,UPI,2025-08-16 12:40:12,2025-08-16 13:20:01
C0130,S0482,43,124,3559.59,No,47,Other,Lucknow,Standard,1499,Quarterly,3,4497,2024-05-30,2024-08-30,Active,Debit Card,2025-08-16 12:40:12,2025-08-16 13:20:01
C0024,S0486,60,178,1560.24,Yes,57,F,Chennai,Premium,1999,Custom,13,25987,2024-10-19,2025-11-19,Active,Net Banking,2025-08-16 12:40:12,2025-08-16 13:20:01
C0428,S0487,29,57,2715.92,Yes,37,Other,Kolkata,Premium,499,Quarterly,3,1497,2025-03-13,2025-06-13,On Hold,Credit Card,2025-08-16 12:40:12,2025-08-16 13:20:01
C0418,S0490,11,17,1012.16,Yes,41,Other,Chennai,Basic,499,Custom,19,9481,2024-07-02,2026-02-02,On Hold,Net Banking,2025-08-16 12:40:12,2025-08-16 13:20:01
C0288,S0492,22,57,802.11,Yes,21,M,Mumbai,Premium,1999,Quarterly,3,5997,2024-04-07,2024-07-07,Cancelled,Credit Card,2025-08-16 12:40:12,2025-08-16 13:20:01
C0235,S0494,37,92,1220.54,No,34,M,Chennai,Basic,1499,Annual,12,17988,2024-12-07,2025-12-07,Expired,Debit Card,2025-08-16 12:40:12,2025-08-16 13:20:01
C0071,S0495,22,34,2245.08,Yes,40,Other,Hyderabad,Premium,2499,Quarterly,3,7497,2025-07-29,2025-10-29,Cancelled,UPI,2025-08-16 12:40:12,2025-08-16 13:20:01
C0294,S0498,45,119,1687.41,No,18,F,Ahmedabad,Standard,499,Annual,12,5988,2023-09-28,2024-09-28,Expired,Debit Card,2025-08-16 12:40:12,2025-08-16 13:20:01
C0152,S0499,28,13,4065.03,No,21,Other,Chennai,Standard,999,Annual,12,11988,2024-04-12,2025-04-12,Active,Net Banking,2025-08-16 12:40:12,2025-08-16 13:20:01
C0237,S0501,51,153,3369.61,No,36,Other,Chennai,Premium,2499,Annual,12,29988,2024-02-16,2025-02-16,On Hold,Credit Card,2025-08-16 12:40:12,2025-08-16 13:20:01
C0231,S0502,44,87,767.07,No,39,F,Bengaluru,Premium,499,Quarterly,3,1497,2024-08-18,2024-11-18,Active,UPI,2025-08-16 12:40:12,2025-08-16 13:20:01
C0094,S0505,40,58,3793.01,Yes,18,Other,Mumbai,Basic,1999,Custom,24,47976,2024-12-15,2026-12-15,On Hold,Net Banking,2025-08-16 12:40:12,2025-08-16 13:20:01
C0225,S0509,33,2,1216.36,No,48,M,Bengaluru,Premium,1999,Monthly,1,1999,2023-12-25,2024-01-25,Active,Credit Card,2025-08-16 12:40:12,2025-08-16 13:20:01
C0282,S0513,32,52,3674.19,No,30,M,Pune,Premium,2499,Custom,7,17493,2024-02-24,2024-09-24,Cancelled,Net Banking,2025-08-16 12:40:12,2025-08-16 13:20:01
C0001,S0515,29,68,2214.3,No,56,M,Mumbai,Standard,999,Quarterly,3,2997,2024-04-20,2024-07-20,Cancelled,UPI,2025-08-16 12:40:12,2025-08-16 13:20:01
C0388,S0516,48,140,4970.3,No,30,M,Pune,Premium,2499,Annual,12,29988,2023-09-22,2024-09-22,On Hold,Credit Card,2025-08-16 12:40:12,2025-08-16 13:20:01
C0033,S0517,29,73,1019.63,Yes,32,F,Jaipur,Standard,2499,Annual,12,29988,2024-12-09,2025-12-09,Expired,Net Banking,2025-08-16 12:40:12,2025-08-16 13:20:01
C0439,S0520,36,77,3498.96,No,33,Other,Kolkata,Premium,999,Custom,11,10989,2025-04-16,2026-03-16,Expired,Net Banking,2025-08-16 12:40:12,2025-08-16 13:20:01
C0326,S0521,6,6,1073.72,No,35,Other,Lucknow,Basic,2499,Quarterly,3,7497,2023-09-22,2023-12-22,Expired,UPI,2025-08-16 12:40:12,2025-08-16 13:20:01
C0174,S0522,25,59,2908.25,No,40,F,Mumbai,Standard,999,Annual,12,11988,2025-06-05,2026-06-05,Cancelled,UPI,2025-08-16 12:40:12,2025-08-16 13:20:01
C0317,S0523,37,41,2374.35,No,24,F,Pune,Standard,499,Monthly,1,499,2024-01-18,2024-02-18,Cancelled,Credit Card,2025-08-16 12:40:12,2025-08-16 13:20:01
C0240,S0524,32,89,4403.64,No,27,F,Delhi,Premium,2499,Monthly,1,2499,2024-08-02,2024-09-02,On Hold,Net Banking,2025-08-16 12:40:12,2025-08-16 13:20:01
C0413,S0525,30,12,729.93,No,22,M,Bengaluru,Basic,1999,Monthly,1,1999,2024-04-03,2024-05-03,Expired,UPI,2025-08-16 12:40:12,2025-08-16 13:20:01
C0052,S0526,9,25,2011.6,No,29,Other,Pune,Premium,499,Custom,3,1497,2024-03-20,2024-06-20,On Hold,UPI,2025-08-16 12:40:12,2025-08-16 13:20:01
C0201,S0529,46,113,1002.08,No,61,M,Jaipur,Standard,1999,Annual,12,23988,2024-04-28,2025-04-28,Active,Credit Card,2025-08-16 12:40:12,2025-08-16 13:20:01
C0036,S0531,32,89,1433.19,Yes,35,F,Bengaluru,Standard,999,Quarterly,3,2997,2024-02-16,2024-05-16,Active,Credit Card,2025-08-16 12:40:12,2025-08-16 13:20:01
C0343,S0536,52,115,4677.96,No,33,M,Chennai,Premium,1499,Quarterly,3,4497,2023-08-23,2023-11-23,Expired,Debit Card,2025-08-16 12:40:12,2025-08-16 13:20:01
C0214,S0538,52,113,1226.29,Yes,64,Other,Mumbai,Premium,2499,Quarterly,3,7497,2024-12-04,2025-03-04,Expired,Net Banking,2025-08-16 12:40:12,2025-08-16 13:20:01
C0082,S0540,43,1,3626.21,Yes,38,Other,Ahmedabad,Basic,1499,Quarterly,3,4497,2024-09-26,2024-12-26,Expired,Debit Card,2025-08-16 12:40:12,2025-08-16 13:20:01
C0015,S0543,17,33,1428.5,No,30,Other,Lucknow,Premium,499,Monthly,1,499,2024-12-05,2025-01-05,Active,UPI,2025-08-16 12:40:12,2025-08-16 13:20:01
C0318,S0546,27,47,1032.11,Yes,50,F,Delhi,Premium,999,Quarterly,3,2997,2024-11-23,2025-02-23,On Hold,Net Banking,2025-08-16 12:40:12,2025-08-16 13:20:01
C0238,S0548,52,137,3019.82,Yes,43,Other,Kolkata,Standard,1499,Custom,19,28481,2024-04-22,2025-11-22,Cancelled,Debit Card,2025-08-16 12:40:12,2025-08-16 13:20:01
C0310,S0549,32,54,559.79,Yes,53,M,Jaipur,Premium,1999,Annual,12,23988,2025-07-23,2026-07-23,Expired,UPI,2025-08-16 12:40:12,2025-08-16 13:20:01
C0037,S0553,13,10,3195.68,No,31,M,Hyderabad,Premium,999,Quarterly,3,2997,2024-04-04,2024-07-04,On Hold,Credit Card,2025-08-16 12:40:12,2025-08-16 13:20:01
C0050,S0554,25,14,4622.65,Yes,42,M,Mumbai,Premium,499,Quarterly,3,1497,2024-06-20,2024-09-20,Active,Credit Card,2025-08-16 12:40:12,2025-08-16 13:20:01
C0337,S0558,5,8,2110.33,Yes,24,F,Jaipur,Premium,1499,Custom,24,35976,2025-03-16,2027-03-16,Cancelled,UPI,2025-08-16 12:40:12,2025-08-16 13:20:01
C0377,S0564,18,12,2756.97,No,31,M,Kolkata,Standard,1999,Quarterly,3,5997,2024-11-01,2025-02-01,On Hold,Net Banking,2025-08-16 12:40:12,2025-08-16 13:20:01
C0023,S0565,19,42,4954.53,No,60,M,Jaipur,Standard,1499,Custom,13,19487,2025-02-22,2026-03-22,Cancelled,Credit Card,2025-08-16 12:40:12,2025-08-16 13:20:01
C0471,S0567,55,150,757.5,No,61,F,Mumbai,Premium,999,Monthly,1,999,2024-08-06,2024-09-06,Cancelled,Net Banking,2025-08-16 12:40:12,2025-08-16 13:20:01
C0184,S0568,49,107,1879.85,Yes,31,F,Delhi,Premium,499,Annual,12,5988,2024-05-30,2025-05-30,On Hold,Debit Card,2025-08-16 12:40:12,2025-08-16 13:20:01
C0289,S0569,2,3,1752.51,No,51,M,Chennai,Premium,1999,Annual,12,23988,2024-09-24,2025-09-24,Active,Net Banking,2025-08-16 12:40:12,2025-08-16 13:20:01
C0485,S0570,11,14,555.7,No,44,M,Hyderabad,Standard,2499,Quarterly,3,7497,2024-05-08,2024-08-08,Active,Net Banking,2025-08-16 12:40:12,2025-08-16 13:20:01
C0039,S0573,25,43,4224.84,No,35,M,Bengaluru,Standard,1499,Custom,15,22485,2025-04-12,2026-07-12,Active,Credit Card,2025-08-16 12:40:12,2025-08-16 13:20:01
C0411,S0578,7,15,3481.75,Yes,64,M,Jaipur,Basic,999,Annual,12,11988,2025-06-29,2026-06-29,Cancelled,UPI,2025-08-16 12:40:12,2025-08-16 13:20:01
C0363,S0579,23,27,2682.01,Yes,25,Other,Delhi,Basic,2499,Quarterly,3,7497,2024-09-14,2024-12-14,Cancelled,Debit Card,2025-08-16 12:40:12,2025-08-16 13:20:01
C0140,S0581,36,106,4952.21,Yes,59,Other,Chennai,Basic,2499,Quarterly,3,7497,2025-01-28,2025-04-28,Cancelled,Net Banking,2025-08-16 12:40:12,2025-08-16 13:20:01
C0185,S0583,13,9,1760.31,No,37,M,Kolkata,Basic,1499,Monthly,1,1499,2024-12-10,2025-01-10,On Hold,Debit Card,2025-08-16 12:40:12,2025-08-16 13:20:01
C0276,S0584,30,9,751.67,No,62,Other,Chennai,Standard,999,Quarterly,3,2997,2025-03-30,2025-06-30,On Hold,UPI,2025-08-16 12:40:12,2025-08-16 13:20:01
C0245,S0593,29,25,2756.66,No,38,F,Kolkata,Premium,999,Quarterly,3,2997,2024-12-16,2025-03-16,Active,Credit Card,2025-08-16 12:40:12,2025-08-16 13:20:01
C0475,S0594,1,2,1969.04,Yes,58,M,Lucknow,Basic,499,Annual,12,5988,2025-02-21,2026-02-21,On Hold,Debit Card,2025-08-16 12:40:12,2025-08-16 13:20:01
C0142,S0595,15,18,4097.27,No,44,F,Kolkata,Premium,2499,Custom,20,49980,2024-11-06,2026-07-06,On Hold,Net Banking,2025-08-16 12:40:12,2025-08-16 13:20:01
C0420,S0603,45,118,2652.86,Yes,18,F,Mumbai,Standard,2499,Custom,13,32487,2024-12-20,2026-01-20,On Hold,Net Banking,2025-08-16 12:40:12,2025-08-16 13:20:01
C0098,S0607,27,33,1249.86,No,46,F,Pune,Standard,1499,Monthly,1,1499,2025-03-01,2025-04-01,Cancelled,Debit Card,2025-08-16 12:40:12,2025-08-16 13:20:01
C0089,S0610,33,66,3839.96,No,53,F,Delhi,Basic,1499,Custom,1,1499,2024-02-02,2024-03-02,Expired,UPI,2025-08-16 12:40:12,2025-08-16 13:20:01
C0367,S0612,43,49,2829.93,Yes,33,Other,Kolkata,Basic,999,Monthly,1,999,2023-11-26,2023-12-26,Active,Net Banking,2025-08-16 12:40:12,2025-08-16 13:20:01
C0012,S0613,22,5,4244.01,Yes,49,Other,Pune,Premium,499,Custom,13,6487,2023-11-23,2024-12-23,Active,Debit Card,2025-08-16 12:40:12,2025-08-16 13:20:01
C0265,S0614,53,132,1219.48,No,38,Other,Pune,Premium,1999,Annual,12,23988,2025-06-20,2026-06-20,Expired,Debit Card,2025-08-16 12:40:12,2025-08-16 13:20:01
C0198,S0620,29,72,2580.13,Yes,46,Other,Pune,Standard,1499,Annual,12,17988,2025-07-16,2026-07-16,Active,Debit Card,2025-08-16 12:40:12,2025-08-16 13:20:01
C0207,S0624,6,2,2929.13,No,28,M,Chennai,Standard,999,Annual,12,11988,2024-08-03,2025-08-03,Active,UPI,2025-08-16 12:40:12,2025-08-16 13:20:01
C0195,S0626,56,25,2697.53,No,51,F,Bengaluru,Premium,1499,Monthly,1,1499,2024-11-19,2024-12-19,Cancelled,UPI,2025-08-16 12:40:12,2025-08-16 13:20:01
C0123,S0627,49,82,2368.98,No,46,M,Mumbai,Premium,499,Annual,12,5988,2024-12-22,2025-12-22,Cancelled,Net Banking,2025-08-16 12:40:12,2025-08-16 13:20:01
C0182,S0629,35,8,3240.26,No,32,F,Kolkata,Standard,1999,Monthly,1,1999,2023-12-09,2024-01-09,Cancelled,Debit Card,2025-08-16 12:40:12,2025-08-16 13:20:01
C0329,S0630,33,50,743.11,Yes,49,Other,Pune,Standard,2499,Monthly,1,2499,2023-11-08,2023-12-08,On Hold,Credit Card,2025-08-16 12:40:12,2025-08-16 13:20:01
C0117,S0632,38,22,2844.47,No,27,M,Ahmedabad,Standard,999,Monthly,1,999,2024-11-18,2024-12-18,Cancelled,UPI,2025-08-16 12:40:12,2025-08-16 13:20:01
C0067,S0633,28,44,2086.48,Yes,31,M,Mumbai,Premium,1999,Quarterly,3,5997,2023-10-23,2024-01-23,On Hold,Net Banking,2025-08-16 12:40:12,2025-08-16 13:20:01
C0054,S0637,7,10,624.17,Yes,36,F,Jaipur,Basic,499,Custom,12,5988,2024-07-19,2025-07-19,Cancelled,Debit Card,2025-08-16 12:40:12,2025-08-16 13:20:01
C0262,S0638,41,39,2287.9,No,46,F,Ahmedabad,Standard,999,Annual,12,11988,2024-03-03,2025-03-03,Active,Net Banking,2025-08-16 12:40:12,2025-08-16 13:20:01
C0246,S0645,22,26,3056.51,No,37,M,Jaipur,Premium,499,Monthly,1,499,2024-10-18,2024-11-18,Expired,Credit Card,2025-08-16 12:40:12,2025-08-16 13:20:01
C0378,S0646,37,19,594.84,No,61,F,Mumbai,Basic,1499,Quarterly,3,4497,2024-10-13,2025-01-13,On Hold,Net Banking,2025-08-16 12:40:12,2025-08-16 13:20:01
C0197,S0648,30,12,4708.68,Yes,57,Other,Lucknow,Standard,2499,Annual,12,29988,2024-03-29,2025-03-29,On Hold,Credit Card,2025-08-16 12:40:12,2025-08-16 13:20:01
C0009,S0649,34,13,800.99,Yes,21,F,Kolkata,Standard,1499,Quarterly,3,4497,2024-10-27,2025-01-27,Active,UPI,2025-08-16 12:40:12,2025-08-16 13:20:01
C0053,S0651,33,48,4130.83,No,55,F,Chennai,Standard,1999,Custom,16,31984,2024-04-11,2025-08-11,Cancelled,Net Banking,2025-08-16 12:40:12,2025-08-16 13:20:01
C0438,S0652,34,31,4657.55,Yes,47,M,Bengaluru,Basic,1499,Quarterly,3,4497,2024-12-07,2025-03-07,Cancelled,UPI,2025-08-16 12:40:12,2025-08-16 13:20:01
C0107,S0653,30,16,1463.06,Yes,58,Other,Lucknow,Premium,1499,Custom,10,14990,2024-10-04,2025-08-04,On Hold,UPI,2025-08-16 12:40:12,2025-08-16 13:20:01
C0165,S0654,43,6,3545.7,Yes,39,M,Jaipur,Standard,2499,Quarterly,3,7497,2024-07-04,2024-10-04,Cancelled,Net Banking,2025-08-16 12:40:12,2025-08-16 13:20:01
C0102,S0655,26,46,1327.63,No,28,M,Lucknow,Basic,1499,Quarterly,3,4497,2024-10-26,2025-01-26,Active,UPI,2025-08-16 12:40:12,2025-08-16 13:20:01
C0273,S0657,38,96,978.31,No,38,F,Bengaluru,Premium,499,Annual,12,5988,2024-12-24,2025-12-24,Cancelled,Debit Card,2025-08-16 12:40:12,2025-08-16 13:20:01
C0186,S0659,27,27,3394.79,No,51,Other,Pune,Basic,2499,Annual,12,29988,2023-09-05,2024-09-05,Active,Net Banking,2025-08-16 12:40:12,2025-08-16 13:20:01
C0351,S0662,34,73,576.28,Yes,59,M,Chennai,Standard,1999,Custom,12,23988,2023-09-11,2024-09-11,Expired,Credit Card,2025-08-16 12:40:12,2025-08-16 13:20:01
C0391,S0663,49,145,1398.0,No,42,F,Lucknow,Basic,1499,Custom,9,13491,2024-02-11,2024-11-11,Active,Credit Card,2025-08-16 12:40:12,2025-08-16 13:20:01
C0398,S0664,30,12,1713.72,No,25,Other,Kolkata,Basic,2499,Custom,23,57477,2024-02-27,2026-01-27,Expired,Credit Card,2025-08-16 12:40:12,2025-08-16 13:20:01
C0199,S0665,51,13,4981.2,No,49,F,Jaipur,Basic,2499,Quarterly,3,7497,2024-10-07,2025-01-07,Cancelled,Credit Card,2025-08-16 12:40:12,2025-08-16 13:20:01
C0281,S0666,4,7,2537.4,Yes,33,M,Kolkata,Basic,1999,Custom,20,39980,2024-04-13,2025-12-13,On Hold,UPI,2025-08-16 12:40:12,2025-08-16 13:20:01
C0432,S0669,23,3,3770.1,No,51,Other,Pune,Premium,1499,Quarterly,3,4497,2025-05-07,2025-08-07,Active,UPI,2025-08-16 12:40:12,2025-08-16 13:20:01
C0014,S0670,52,125,2148.66,Yes,29,M,Hyderabad,Standard,2499,Monthly,1,2499,2025-04-19,2025-05-19,On Hold,Net Banking,2025-08-16 12:40:12,2025-08-16 13:20:01
C0437,S0672,6,11,4620.32,Yes,28,F,Jaipur,Standard,999,Quarterly,3,2997,2025-07-27,2025-10-27,Cancelled,Net Banking,2025-08-16 12:40:12,2025-08-16 13:20:01
C0431,S0674,36,14,1233.09,Yes,51,M,Delhi,Premium,2499,Quarterly,3,7497,2024-09-29,2024-12-29,Active,UPI,2025-08-16 12:40:12,2025-08-16 13:20:01
C0205,S0675,45,97,1746.31,Yes,36,M,Delhi,Basic,999,Monthly,1,999,2025-06-06,2025-07-06,Cancelled,Net Banking,2025-08-16 12:40:12,2025-08-16 13:20:01
C0150,S0676,53,146,3763.3,Yes,34,Other,Delhi,Standard,2499,Custom,10,24990,2025-05-31,2026-03-31,Expired,Credit Card,2025-08-16 12:40:12,2025-08-16 13:20:01
C0155,S0677,47,113,1300.7,Yes,41,M,Bengaluru,Basic,499,Custom,16,7984,2024-05-29,2025-09-29,Cancelled,UPI,2025-08-16 12:40:12,2025-08-16 13:20:01
C0075,S0678,53,68,3269.31,No,52,M,Bengaluru,Standard,999,Quarterly,3,2997,2024-10-29,2025-01-29,On Hold,Credit Card,2025-08-16 12:40:12,2025-08-16 13:20:01
C0373,S0681,55,6,1127.29,No,20,Other,Chennai,Basic,999,Monthly,1,999,2023-12-03,2024-01-03,On Hold,Debit Card,2025-08-16 12:40:12,2025-08-16 13:20:01
C0404,S0682,40,43,804.25,Yes,19,F,Jaipur,Basic,2499,Custom,5,12495,2023-09-05,2024-02-05,Active,Net Banking,2025-08-16 12:40:12,2025-08-16 13:20:01
C0045,S0684,50,47,3300.02,No,34,F,Ahmedabad,Standard,1999,Quarterly,3,5997,2023-10-19,2024-01-19,Expired,Net Banking,2025-08-16 12:40:12,2025-08-16 13:20:01
C0263,S0687,45,133,4565.89,Yes,41,F,Mumbai,Basic,1499,Monthly,1,1499,2023-09-23,2023-10-23,Expired,UPI,2025-08-16 12:40:12,2025-08-16 13:20:01
C0466,S0690,32,93,1188.77,No,23,Other,Ahmedabad,Basic,2499,Quarterly,3,7497,2024-05-02,2024-08-02,Expired,Net Banking,2025-08-16 12:40:12,2025-08-16 13:20:01
C0473,S0691,10,1,1240.37,Yes,33,Other,Mumbai,Basic,2499,Monthly,1,2499,2025-02-27,2025-03-27,Active,Debit Card,2025-08-16 12:40:12,2025-08-16 13:20:01
C0032,S0693,51,27,3304.28,No,57,Other,Bengaluru,Standard,2499,Monthly,1,2499,2025-08-02,2025-09-02,Cancelled,UPI,2025-08-16 12:40:12,2025-08-16 13:20:01
C0060,S0696,56,108,3506.88,No,63,M,Jaipur,Standard,2499,Quarterly,3,7497,2023-12-08,2024-03-08,Active,Debit Card,2025-08-16 12:40:12,2025-08-16 13:20:01
C0122,S0697,19,19,1739.45,No,50,F,Lucknow,Premium,2499,Quarterly,3,7497,2024-04-12,2024-07-12,On Hold,Credit Card,2025-08-16 12:40:12,2025-08-16 13:20:01
C0234,S0702,19,24,4140.82,No,39,M,Kolkata,Standard,999,Custom,2,1998,2024-12-26,2025-02-26,Cancelled,UPI,2025-08-16 12:40:12,2025-08-16 13:20:01
C0287,S0703,24,47,4850.12,Yes,30,M,Hyderabad,Standard,2499,Custom,4,9996,2024-01-09,2024-05-09,Active,Net Banking,2025-08-16 12:40:12,2025-08-16 13:20:01
C0218,S0706,41,27,919.41,Yes,21,F,Bengaluru,Premium,999,Monthly,1,999,2025-03-11,2025-04-11,Expired,Net Banking,2025-08-16 12:40:12,2025-08-16 13:20:01
C0127,S0709,59,12,4985.94,No,46,M,Pune,Premium,499,Custom,11,5489,2024-01-21,2024-12-21,Active,Credit Card,2025-08-16 12:40:12,2025-08-16 13:20:01
C0010,S0711,27,20,958.1,No,19,M,Chennai,Basic,1499,Custom,22,32978,2025-07-01,2027-05-01,Cancelled,UPI,2025-08-16 12:40:12,2025-08-16 13:20:01
C0330,S0712,5,13,3394.46,No,52,M,Jaipur,Premium,1499,Custom,14,20986,2024-05-17,2025-07-17,On Hold,Net Banking,2025-08-16 12:40:12,2025-08-16 13:20:01
C0315,S0713,58,44,4414.56,No,22,M,Lucknow,Premium,2499,Monthly,1,2499,2024-04-17,2024-05-17,Expired,Debit Card,2025-08-16 12:40:12,2025-08-16 13:20:01
C0334,S0715,49,132,1286.31,Yes,54,F,Delhi,Standard,2499,Quarterly,3,7497,2025-03-26,2025-06-26,On Hold,UPI,2025-08-16 12:40:12,2025-08-16 13:20:01
C0048,S0716,24,25,1664.86,No,18,F,Bengaluru,Basic,1499,Quarterly,3,4497,2024-07-09,2024-10-09,Active,Debit Card,2025-08-16 12:40:12,2025-08-16 13:20:01
C0028,S0719,50,49,2543.68,Yes,49,Other,Pune,Basic,499,Monthly,1,499,2025-07-03,2025-08-03,On Hold,Debit Card,2025-08-16 12:40:12,2025-08-16 13:20:01
C0138,S0722,36,54,3999.3,No,32,Other,Chennai,Basic,1499,Monthly,1,1499,2025-03-29,2025-04-29,Active,UPI,2025-08-16 12:40:12,2025-08-16 13:20:01
C0047,S0729,32,20,4237.79,Yes,35,M,Bengaluru,Premium,999,Monthly,1,999,2025-02-18,2025-03-18,Active,Credit Card,2025-08-16 12:40:12,2025-08-16 13:20:01
C0339,S0730,51,83,769.64,No,18,M,Kolkata,Standard,499,Quarterly,3,1497,2025-03-26,2025-06-26,Cancelled,Debit Card,2025-08-16 12:40:12,2025-08-16 13:20:01
C0008,S0731,41,40,1133.19,No,21,F,Bengaluru,Premium,1999,Quarterly,3,5997,2023-10-17,2024-01-17,Expired,Net Banking,2025-08-16 12:40:12,2025-08-16 13:20:01
C0073,S0732,45,47,3256.83,Yes,34,F,Bengaluru,Premium,2499,Custom,1,2499,2023-10-12,2023-11-12,Cancelled,Credit Card,2025-08-16 12:40:12,2025-08-16 13:20:01
C0283,S0733,59,54,2345.01,Yes,53,M,Hyderabad,Basic,499,Monthly,1,499,2024-08-17,2024-09-17,Expired,Net Banking,2025-08-16 12:40:12,2025-08-16 13:20:01
C0322,S0735,29,50,1788.94,Yes,59,Other,Jaipur,Standard,499,Monthly,1,499,2025-01-11,2025-02-11,Cancelled,Credit Card,2025-08-16 12:40:12,2025-08-16 13:20:01
C0156,S0738,16,4,2361.06,Yes,37,Other,Lucknow,Basic,1999,Monthly,1,1999,2024-08-09,2024-09-09,On Hold,UPI,2025-08-16 12:40:12,2025-08-16 13:20:01
C0143,S0739,47,42,2791.98,No,65,Other,Lucknow,Standard,999,Monthly,1,999,2024-01-03,2024-02-03,Active,Credit Card,2025-08-16 12:40:12,2025-08-16 13:20:01
C0384,S0741,32,21,752.35,No,59,M,Lucknow,Standard,499,Quarterly,3,1497,2024-01-02,2024-04-02,Expired,UPI,2025-08-16 12:40:12,2025-08-16 13:20:01
C0309,S0744,8,16,3434.74,No,27,F,Ahmedabad,Standard,499,Monthly,1,499,2024-01-18,2024-02-18,On Hold,UPI,2025-08-16 12:40:12,2025-08-16 13:20:01
C0168,S0745,25,20,2042.25,No,48,F,Lucknow,Basic,1999,Annual,12,23988,2024-09-30,2025-09-30,Active,Debit Card,2025-08-16 12:40:12,2025-08-16 13:20:01
C0146,S0747,21,46,4118.72,No,38,M,Hyderabad,Premium,1999,Custom,10,19990,2025-04-07,2026-02-07,Active,UPI,2025-08-16 12:40:12,2025-08-16 13:20:01
C0379,S0751,60,21,512.59,Yes,56,Other,Ahmedabad,Basic,499,Monthly,1,499,2025-08-03,2025-09-03,On Hold,Net Banking,2025-08-16 12:40:12,2025-08-16 13:20:01
C0382,S0753,29,32,3906.1,Yes,36,M,Bengaluru,Premium,499,Quarterly,3,1497,2024-03-23,2024-06-23,Active,Net Banking,2025-08-16 12:40:12,2025-08-16 13:20:01
C0217,S0755,35,89,4896.2,Yes,22,Other,Bengaluru,Standard,1499,Custom,18,26982,2024-04-09,2025-10-09,Active,Debit Card,2025-08-16 12:40:12,2025-08-16 13:20:01
C0375,S0756,40,67,2432.99,No,39,F,Delhi,Basic,2499,Monthly,1,2499,2025-03-25,2025-04-25,On Hold,UPI,2025-08-16 12:40:12,2025-08-16 13:20:01
C0222,S0758,47,1,2738.36,No,37,F,Mumbai,Premium,999,Monthly,1,999,2024-07-30,2024-08-30,On Hold,Credit Card,2025-08-16 12:40:12,2025-08-16 13:20:01
C0462,S0759,16,9,4611.53,No,40,F,Chennai,Basic,1499,Custom,11,16489,2024-01-03,2024-12-03,On Hold,UPI,2025-08-16 12:40:12,2025-08-16 13:20:01
C0083,S0761,54,80,822.63,Yes,60,F,Ahmedabad,Standard,1999,Custom,10,19990,2025-06-09,2026-04-09,Expired,Debit Card,2025-08-16 12:40:12,2025-08-16 13:20:01
C0311,S0763,17,48,1560.01,No,61,Other,Bengaluru,Premium,499,Quarterly,3,1497,2024-01-18,2024-04-18,On Hold,Credit Card,2025-08-16 12:40:12,2025-08-16 13:20:01
C0354,S0764,53,137,794.47,Yes,65,M,Bengaluru,Basic,1499,Custom,6,8994,2024-07-14,2025-01-14,Active,Debit Card,2025-08-16 12:40:12,2025-08-16 13:20:01
C0058,S0765,50,109,2263.35,No,38,Other,Chennai,Basic,2499,Quarterly,3,7497,2023-10-23,2024-01-23,On Hold,Debit Card,2025-08-16 12:40:12,2025-08-16 13:20:01
C0320,S0767,30,1,4886.23,Yes,60,M,Delhi,Premium,999,Annual,12,11988,2025-03-03,2026-03-03,Cancelled,Credit Card,2025-08-16 12:40:12,2025-08-16 13:20:01
C0220,S0768,27,27,4193.04,No,30,Other,Hyderabad,Premium,1999,Quarterly,3,5997,2025-05-29,2025-08-29,On Hold,Net Banking,2025-08-16 12:40:12,2025-08-16 13:20:01
C0088,S0769,56,74,3934.47,No,38,Other,Ahmedabad,Premium,499,Custom,7,3493,2023-10-08,2024-05-08,On Hold,UPI,2025-08-16 12:40:12,2025-08-16 13:20:01
C0188,S0771,28,3,1541.25,Yes,65,F,Mumbai,Standard,499,Annual,12,5988,2024-02-16,2025-02-16,Expired,UPI,2025-08-16 12:40:12,2025-08-16 13:20:01
C0180,S0773,55,118,4739.8,No,52,Other,Bengaluru,Standard,1499,Custom,8,11992,2025-06-07,2026-02-07,Expired,Debit Card,2025-08-16 12:40:12,2025-08-16 13:20:01
C0481,S0774,47,105,3453.14,No,32,M,Hyderabad,Standard,1499,Monthly,1,1499,2023-12-02,2024-01-02,Active,Debit Card,2025-08-16 12:40:12,2025-08-16 13:20:01
C0316,S0775,54,158,1389.75,Yes,24,F,Pune,Standard,999,Quarterly,3,2997,2024-03-08,2024-06-08,Expired,UPI,2025-08-16 12:40:12,2025-08-16 13:20:01
C0151,S0776,35,61,2720.01,No,56,Other,Bengaluru,Premium,2499,Custom,17,42483,2023-10-10,2025-03-10,Cancelled,UPI,2025-08-16 12:40:12,2025-08-16 13:20:01
C0085,S0777,19,7,2207.03,No,30,M,Chennai,Premium,1999,Quarterly,3,5997,2024-07-15,2024-10-15,On Hold,UPI,2025-08-16 12:40:12,2025-08-16 13:20:01
C0278,S0779,9,18,3708.26,No,21,Other,Pune,Basic,1499,Monthly,1,1499,2023-11-20,2023-12-20,Cancelled,Credit Card,2025-08-16 12:40:12,2025-08-16 13:20:01
C0167,S0780,54,16,3000.48,Yes,43,F,Bengaluru,Basic,999,Monthly,1,999,2023-10-28,2023-11-28,Expired,Debit Card,2025-08-16 12:40:12,2025-08-16 13:20:01
C0494,S0782,42,14,2026.61,No,22,F,Kolkata,Standard,999,Quarterly,3,2997,2024-07-13,2024-10-13,On Hold,UPI,2025-08-16 12:40:12,2025-08-16 13:20:01
C0264,S0786,7,8,4604.49,Yes,18,M,Jaipur,Basic,1499,Monthly,1,1499,2025-08-10,2025-09-10,On Hold,Debit Card,2025-08-16 12:40:12,2025-08-16 13:20:01
C0366,S0787,43,1,4364.45,No,28,F,Jaipur,Basic,1999,Custom,17,33983,2024-05-05,2025-10-05,On Hold,Debit Card,2025-08-16 12:40:12,2025-08-16 13:20:01
C0280,S0788,11,22,3055.62,No,49,F,Mumbai,Premium,999,Monthly,1,999,2024-05-30,2024-06-30,On Hold,Net Banking,2025-08-16 12:40:12,2025-08-16 13:20:01
C0160,S0789,11,12,909.22,No,61,Other,Bengaluru,Basic,499,Annual,12,5988,2024-07-10,2025-07-10,On Hold,Credit Card,2025-08-16 12:40:12,2025-08-16 13:20:01
C0376,S0790,32,75,3471.33,Yes,24,F,Hyderabad,Premium,1999,Annual,12,23988,2024-08-29,2025-08-29,Active,Net Banking,2025-08-16 12:40:12,2025-08-16 13:20:01
C0226,S0791,60,1,4199.69,Yes,64,F,Chennai,Premium,999,Quarterly,3,2997,2025-04-02,2025-07-02,Cancelled,Credit Card,2025-08-16 12:40:12,2025-08-16 13:20:01
C0170,S0795,11,8,1980.67,Yes,28,M,Delhi,Standard,499,Custom,6,2994,2024-10-17,2025-04-17,Active,Credit Card,2025-08-16 12:40:12,2025-08-16 13:20:01
C0233,S0796,23,12,3013.5,No,37,F,Ahmedabad,Premium,999,Quarterly,3,2997,2024-10-26,2025-01-26,On Hold,Net Banking,2025-08-16 12:40:12,2025-08-16 13:20:01
C0190,S0797,32,5,1292.43,No,48,Other,Delhi,Standard,999,Monthly,1,999,2025-06-13,2025-07-13,On Hold,UPI,2025-08-16 12:40:12,2025-08-16 13:20:01
C0444,S0799,42,92,2685.98,No,27,Other,Jaipur,Premium,499,Custom,14,6986,2023-12-03,2025-02-03,Cancelled,Credit Card,2025-08-16 12:40:12,2025-08-16 13:20:01
C0300,S0800,17,45,2667.48,No,55,M,Bengaluru,Premium,1999,Annual,12,23988,2024-04-18,2025-04-18,On Hold,UPI,2025-08-16 12:40:12,2025-08-16 13:20:01
C0192,S0802,22,9,1694.98,Yes,38,M,Chennai,Basic,1999,Custom,10,19990,2024-10-12,2025-08-12,On Hold,Debit Card,2025-08-16 12:40:12,2025-08-16 13:20:01
C0189,S0803,10,5,2852.26,Yes,30,M,Delhi,Premium,999,Quarterly,3,2997,2024-06-09,2024-09-09,Cancelled,Net Banking,2025-08-16 12:40:12,2025-08-16 13:20:01
C0371,S0804,31,82,1939.01,Yes,47,F,Mumbai,Basic,499,Custom,15,7485,2024-12-29,2026-03-29,On Hold,Debit Card,2025-08-16 12:40:12,2025-08-16 13:20:01
C0423,S0805,39,37,2541.98,No,48,Other,Mumbai,Premium,2499,Monthly,1,2499,2024-01-03,2024-02-03,On Hold,Debit Card,2025-08-16 12:40:12,2025-08-16 13:20:01
C0293,S0810,52,84,582.64,No,56,M,Bengaluru,Basic,999,Monthly,1,999,2024-01-10,2024-02-10,Expired,Credit Card,2025-08-16 12:40:12,2025-08-16 13:20:01
C0453,S0812,43,119,3711.75,Yes,60,F,Pune,Premium,2499,Quarterly,3,7497,2023-11-19,2024-02-19,On Hold,Credit Card,2025-08-16 12:40:12,2025-08-16 13:20:01
C0393,S0813,17,18,3747.3,Yes,51,Other,Hyderabad,Standard,999,Custom,22,21978,2024-07-08,2026-05-08,Cancelled,Net Banking,2025-08-16 12:40:12,2025-08-16 13:20:01
C0129,S0814,34,58,729.9,No,62,F,Pune,Premium,499,Monthly,1,499,2024-12-07,2025-01-07,Cancelled,UPI,2025-08-16 12:40:12,2025-08-16 13:20:01
C0022,S0815,57,59,561.22,Yes,47,F,Ahmedabad,Standard,999,Quarterly,3,2997,2025-07-08,2025-10-08,Cancelled,UPI,2025-08-16 12:40:12,2025-08-16 13:20:01
C0358,S0816,38,59,3613.53,Yes,19,F,Chennai,Standard,499,Quarterly,3,1497,2025-08-03,2025-11-03,Active,Credit Card,2025-08-16 12:40:12,2025-08-16 13:20:01
C0106,S0817,28,10,2556.45,No,18,F,Hyderabad,Premium,2499,Monthly,1,2499,2023-09-28,2023-10-28,On Hold,UPI,2025-08-16 12:40:12,2025-08-16 13:20:01
C0157,S0819,5,3,1571.77,Yes,59,Other,Hyderabad,Standard,1999,Annual,12,23988,2023-10-10,2024-10-10,Cancelled,UPI,2025-08-16 12:40:12,2025-08-16 13:20:01
C0158,S0820,58,41,4221.46,Yes,30,M,Delhi,Standard,1499,Quarterly,3,4497,2023-11-04,2024-02-04,Cancelled,Net Banking,2025-08-16 12:40:12,2025-08-16 13:20:01
C0427,S0821,33,42,783.45,Yes,40,Other,Delhi,Premium,1499,Quarterly,3,4497,2024-01-29,2024-04-29,Active,Net Banking,2025-08-16 12:40:12,2025-08-16 13:20:01
C0043,S0823,45,46,1396.55,Yes,39,F,Ahmedabad,Standard,499,Quarterly,3,1497,2024-08-22,2024-11-22,Cancelled,Credit Card,2025-08-16 12:40:12,2025-08-16 13:20:01
C0172,S0824,20,12,3261.02,Yes,33,M,Hyderabad,Basic,2499,Custom,20,49980,2025-03-27,2026-11-27,On Hold,UPI,2025-08-16 12:40:12,2025-08-16 13:20:01
C0271,S0825,32,45,3479.51,No,27,F,Ahmedabad,Basic,999,Annual,12,11988,2024-01-11,2025-01-11,Active,Debit Card,2025-08-16 12:40:12,2025-08-16 13:20:01
C0412,S0826,32,71,1464.54,Yes,58,Other,Jaipur,Basic,1499,Quarterly,3,4497,2025-01-03,2025-04-03,Expired,Credit Card,2025-08-16 12:40:12,2025-08-16 13:20:01
C0066,S0827,59,86,796.78,No,33,M,Bengaluru,Standard,1499,Quarterly,3,4497,2024-09-12,2024-12-12,Expired,Credit Card,2025-08-16 12:40:12,2025-08-16 13:20:01
C0131,S0828,37,74,3806.55,No,38,F,Jaipur,Basic,2499,Quarterly,3,7497,2025-01-10,2025-04-10,Expired,Net Banking,2025-08-16 12:40:12,2025-08-16 13:20:01
C0360,S0829,19,55,2771.83,Yes,51,F,Hyderabad,Basic,1499,Annual,12,17988,2024-06-19,2025-06-19,Expired,UPI,2025-08-16 12:40:12,2025-08-16 13:20:01
C0421,S0830,8,20,3643.11,Yes,34,M,Hyderabad,Basic,1499,Quarterly,3,4497,2023-08-25,2023-11-25,Cancelled,Debit Card,2025-08-16 12:40:12,2025-08-16 13:20:01
C0154,S0831,59,108,1550.7,Yes,49,Other,Delhi,Premium,1999,Annual,12,23988,2024-05-28,2025-05-28,Expired,UPI,2025-08-16 12:40:12,2025-08-16 13:20:01
C0187,S0833,12,21,2436.42,Yes,33,M,Hyderabad,Basic,2499,Annual,12,29988,2024-10-24,2025-10-24,Expired,Net Banking,2025-08-16 12:40:12,2025-08-16 13:20:01
C0095,S0836,11,16,4873.75,No,31,M,Chennai,Standard,1999,Monthly,1,1999,2025-06-23,2025-07-23,Cancelled,Debit Card,2025-08-16 12:40:12,2025-08-16 13:20:01
C0256,S0837,59,106,1925.42,No,64,F,Chennai,Standard,1999,Quarterly,3,5997,2023-08-31,2023-11-30,Expired,UPI,2025-08-16 12:40:12,2025-08-16 13:20:01
C0055,S0838,57,105,4338.25,Yes,31,Other,Lucknow,Premium,2499,Monthly,1,2499,2023-08-19,2023-09-19,Active,UPI,2025-08-16 12:40:12,2025-08-16 13:20:01
C0458,S0841,59,158,3982.61,Yes,36,Other,Bengaluru,Premium,999,Monthly,1,999,2025-04-16,2025-05-16,Active,Credit Card,2025-08-16 12:40:12,2025-08-16 13:20:01
C0328,S0843,18,34,610.91,Yes,18,M,Pune,Basic,999,Monthly,1,999,2024-07-19,2024-08-19,Expired,Credit Card,2025-08-16 12:40:12,2025-08-16 13:20:01
C0059,S0844,19,9,852.45,Yes,58,Other,Pune,Basic,2499,Annual,12,29988,2023-11-29,2024-11-29,Cancelled,Credit Card,2025-08-16 12:40:12,2025-08-16 13:20:01
C0333,S0845,58,53,1590.14,Yes,33,Other,Hyderabad,Standard,2499,Quarterly,3,7497,2025-04-19,2025-07-19,On Hold,UPI,2025-08-16 12:40:12,2025-08-16 13:20:01
C0478,S0847,25,22,1786.46,No,47,F,Mumbai,Premium,1999,Annual,12,23988,2023-11-02,2024-11-02,Active,Net Banking,2025-08-16 12:40:12,2025-08-16 13:20:01
C0336,S0850,12,24,4987.7,No,28,M,Delhi,Standard,2499,Custom,2,4998,2025-04-11,2025-06-11,Active,Credit Card,2025-08-16 12:40:12,2025-08-16 13:20:01
C0349,S0851,13,35,2278.55,No,25,Other,Hyderabad,Basic,1499,Custom,19,28481,2025-05-23,2026-12-23,On Hold,Debit Card,2025-08-16 12:40:12,2025-08-16 13:20:01
C0498,S0852,36,68,3107.98,No,63,M,Lucknow,Premium,2499,Monthly,1,2499,2025-03-10,2025-04-10,Expired,Credit Card,2025-08-16 12:40:12,2025-08-16 13:20:01
C0034,S0853,39,38,1614.01,No,53,F,Kolkata,Premium,1499,Quarterly,3,4497,2024-11-25,2025-02-25,Expired,UPI,2025-08-16 12:40:12,2025-08-16 13:20:01
C0459,S0854,21,54,3662.84,Yes,32,M,Bengaluru,Basic,499,Quarterly,3,1497,2024-11-12,2025-02-12,Cancelled,Net Banking,2025-08-16 12:40:12,2025-08-16 13:20:01
C0080,S0855,11,24,805.78,Yes,35,M,Pune,Basic,2499,Quarterly,3,7497,2025-03-19,2025-06-19,Cancelled,Credit Card,2025-08-16 12:40:12,2025-08-16 13:20:01
C0457,S0857,37,109,3828.7,Yes,39,Other,Pune,Basic,999,Custom,2,1998,2023-10-06,2023-12-06,On Hold,UPI,2025-08-16 12:40:12,2025-08-16 13:20:01
C0175,S0858,56,26,2349.06,Yes,56,F,Lucknow,Basic,2499,Quarterly,3,7497,2024-12-24,2025-03-24,Expired,UPI,2025-08-16 12:40:12,2025-08-16 13:20:01
C0144,S0859,34,8,1996.42,Yes,61,Other,Hyderabad,Standard,999,Quarterly,3,2997,2024-11-17,2025-02-17,Cancelled,UPI,2025-08-16 12:40:12,2025-08-16 13:20:01
C0153,S0860,52,134,2406.66,No,35,M,Delhi,Basic,999,Monthly,1,999,2024-04-27,2024-05-27,Active,UPI,2025-08-16 12:40:12,2025-08-16 13:20:01
C0422,S0861,36,53,3057.99,Yes,47,Other,Ahmedabad,Standard,2499,Custom,11,27489,2023-08-28,2024-07-28,Active,Debit Card,2025-08-16 12:40:12,2025-08-16 13:20:01
C0476,S0862,50,6,3836.8,No,62,M,Pune,Basic,1999,Monthly,1,1999,2024-06-27,2024-07-27,Expired,UPI,2025-08-16 12:40:12,2025-08-16 13:20:01
C0313,S0863,20,23,2869.3,No,22,Other,Chennai,Basic,999,Annual,12,11988,2024-07-06,2025-07-06,Active,UPI,2025-08-16 12:40:12,2025-08-16 13:20:01
C0386,S0865,51,95,1166.27,No,39,M,Bengaluru,Premium,499,Monthly,1,499,2023-12-05,2024-01-05,Cancelled,Net Banking,2025-08-16 12:40:12,2025-08-16 13:20:01
C0407,S0867,57,10,2242.96,Yes,25,Other,Bengaluru,Standard,1999,Monthly,1,1999,2024-09-15,2024-10-15,Active,UPI,2025-08-16 12:40:12,2025-08-16 13:20:01
C0270,S0868,5,4,2960.21,No,45,M,Chennai,Standard,1499,Annual,12,17988,2023-09-07,2024-09-07,Active,Credit Card,2025-08-16 12:40:12,2025-08-16 13:20:01
C0069,S0869,25,23,4191.8,Yes,44,M,Pune,Standard,1499,Quarterly,3,4497,2025-01-23,2025-04-23,On Hold,Debit Card,2025-08-16 12:40:12,2025-08-16 13:20:01
C0204,S0872,3,4,4118.89,No,20,M,Lucknow,Basic,1999,Monthly,1,1999,2024-04-18,2024-05-18,Expired,UPI,2025-08-16 12:40:12,2025-08-16 13:20:01
C0116,S0873,21,39,1120.9,No,52,M,Pune,Standard,2499,Custom,24,59976,2023-09-28,2025-09-28,Active,UPI,2025-08-16 12:40:12,2025-08-16 13:20:01
C0490,S0874,14,15,3783.7,No,44,M,Chennai,Premium,1999,Monthly,1,1999,2023-09-24,2023-10-24,Cancelled,Debit Card,2025-08-16 12:40:12,2025-08-16 13:20:01
C0447,S0875,57,89,4412.28,No,54,M,Lucknow,Basic,1999,Custom,11,21989,2023-11-15,2024-10-15,Expired,UPI,2025-08-16 12:40:12,2025-08-16 13:20:01
C0068,S0876,60,2,4320.32,No,41,M,Kolkata,Premium,499,Annual,12,5988,2025-08-02,2026-08-02,Cancelled,Net Banking,2025-08-16 12:40:12,2025-08-16 13:20:01
C0446,S0877,59,129,2794.33,Yes,33,Other,Delhi,Basic,499,Custom,13,6487,2024-10-31,2025-11-30,Expired,UPI,2025-08-16 12:40:12,2025-08-16 13:20:01
C0250,S0878,13,35,657.72,No,48,F,Hyderabad,Premium,499,Custom,24,11976,2024-02-20,2026-02-20,Expired,Credit Card,2025-08-16 12:40:12,2025-08-16 13:20:01
C0097,S0880,43,18,3071.88,No,39,Other,Mumbai,Basic,1499,Quarterly,3,4497,2024-06-30,2024-09-30,Cancelled,Credit Card,2025-08-16 12:40:12,2025-08-16 13:20:01
C0433,S0881,38,11,4928.02,Yes,39,M,Pune,Premium,499,Monthly,1,499,2024-11-15,2024-12-15,Expired,Debit Card,2025-08-16 12:40:12,2025-08-16 13:20:01
C0076,S0882,55,141,804.34,No,40,M,Lucknow,Standard,1499,Monthly,1,1499,2025-08-09,2025-09-09,Expired,Credit Card,2025-08-16 12:40:12,2025-08-16 13:20:01
C0118,S0883,56,116,4850.56,Yes,64,F,Jaipur,Standard,1999,Monthly,1,1999,2024-08-11,2024-09-11,Expired,Credit Card,2025-08-16 12:40:12,2025-08-16 13:20:01
C0491,S0885,22,31,4413.41,Yes,64,M,Lucknow,Basic,1999,Annual,12,23988,2023-08-15,2024-08-15,Active,Net Banking,2025-08-16 12:40:12,2025-08-16 13:20:01
C0314,S0886,7,17,4232.22,No,19,Other,Hyderabad,Basic,2499,Annual,12,29988,2024-05-09,2025-05-09,Cancelled,Debit Card,2025-08-16 12:40:12,2025-08-16 13:20:01
C0013,S0887,31,62,3387.06,Yes,61,M,Delhi,Standard,2499,Annual,12,29988,2024-12-24,2025-12-24,Cancelled,Credit Card,2025-08-16 12:40:12,2025-08-16 13:20:01
C0145,S0888,21,12,976.47,Yes,59,Other,Hyderabad,Basic,999,Annual,12,11988,2025-06-03,2026-06-03,Active,UPI,2025-08-16 12:40:12,2025-08-16 13:20:01
C0286,S0889,55,2,3748.56,No,35,M,Delhi,Standard,1999,Quarterly,3,5997,2024-04-09,2024-07-09,Expired,UPI,2025-08-16 12:40:12,2025-08-16 13:20:01
C0416,S0890,9,6,784.67,Yes,44,F,Chennai,Standard,499,Quarterly,3,1497,2024-07-27,2024-10-27,Active,UPI,2025-08-16 12:40:12,2025-08-16 13:20:01
C0125,S0891,24,62,3719.78,Yes,41,F,Jaipur,Basic,999,Quarterly,3,2997,2024-12-13,2025-03-13,Cancelled,Credit Card,2025-08-16 12:40:12,2025-08-16 13:20:01
C0090,S0892,50,50,3812.78,No,51,Other,Mumbai,Premium,1999,Annual,12,23988,2025-01-19,2026-01-19,Active,Net Banking,2025-08-16 12:40:12,2025-08-16 13:20:01
C0345,S0893,25,57,1362.66,Yes,19,F,Hyderabad,Basic,1999,Custom,15,29985,2024-05-21,2025-08-21,Active,Credit Card,2025-08-16 12:40:12,2025-08-16 13:20:01
C0229,S0894,21,15,2690.51,Yes,44,Other,Mumbai,Premium,2499,Monthly,1,2499,2024-01-24,2024-02-24,Expired,Debit Card,2025-08-16 12:40:12,2025-08-16 13:20:01
C0370,S0895,51,80,4362.63,No,21,F,Pune,Standard,499,Monthly,1,499,2024-07-03,2024-08-03,On Hold,Net Banking,2025-08-16 12:40:12,2025-08-16 13:20:01
C0065,S0896,56,154,3131.9,Yes,31,Other,Chennai,Premium,1499,Annual,12,17988,2024-12-23,2025-12-23,Active,Net Banking,2025-08-16 12:40:12,2025-08-16 13:20:01
C0321,S0897,48,85,4414.44,No,51,F,Ahmedabad,Premium,2499,Custom,16,39984,2025-02-04,2026-06-04,Active,Net Banking,2025-08-16 12:40:12,2025-08-16 13:20:01
C0137,S0898,39,80,4263.81,No,59,F,Mumbai,Basic,1999,Monthly,1,1999,2024-11-25,2024-12-25,Expired,Debit Card,2025-08-16 12:40:12,2025-08-16 13:20:01
C0215,S0899,40,10,3844.13,No,20,Other,Hyderabad,Premium,1499,Annual,12,17988,2024-01-28,2025-01-28,Cancelled,Credit Card,2025-08-16 12:40:12,2025-08-16 13:20:01
C0017,S0900,8,15,3574.93,No,24,F,Hyderabad,Premium,1499,Monthly,1,1499,2024-11-03,2024-12-03,Expired,Credit Card,2025-08-16 12:40:12,2025-08-16 13:20:01
C0030,S0901,41,115,2128.72,No,41,M,Hyderabad,Premium,2499,Custom,24,59976,2024-01-06,2026-01-06,On Hold,UPI,2025-08-16 12:40:12,2025-08-16 13:20:01
C0173,S0902,51,45,3280.05,No,50,F,Kolkata,Standard,1499,Custom,23,34477,2023-09-06,2025-08-06,Cancelled,Credit Card,2025-08-16 12:40:12,2025-08-16 13:20:01
C0007,S0904,35,40,939.79,Yes,57,Other,Hyderabad,Premium,999,Quarterly,3,2997,2023-10-14,2024-01-14,Cancelled,Credit Card,2025-08-16 12:40:12,2025-08-16 13:20:01
C0248,S0906,5,6,3765.51,Yes,54,F,Pune,Basic,2499,Annual,12,29988,2024-06-02,2025-06-02,On Hold,Net Banking,2025-08-16 12:40:12,2025-08-16 13:20:01
C0200,S0907,4,7,4469.12,Yes,18,Other,Jaipur,Standard,2499,Monthly,1,2499,2023-11-07,2023-12-07,Cancelled,Debit Card,2025-08-16 12:40:12,2025-08-16 13:20:01
C0253,S0908,52,68,2035.87,No,41,M,Chennai,Standard,1999,Quarterly,3,5997,2024-07-01,2024-10-01,Expired,Debit Card,2025-08-16 12:40:12,2025-08-16 13:20:01
C0004,S0909,6,11,3154.2,Yes,31,M,Pune,Basic,1999,Custom,16,31984,2024-07-07,2025-11-07,On Hold,UPI,2025-08-16 12:40:12,2025-08-16 13:20:01
C0464,S0911,27,17,3578.31,No,34,Other,Kolkata,Premium,1999,Monthly,1,1999,2025-05-06,2025-06-06,Expired,Net Banking,2025-08-16 12:40:12,2025-08-16 13:20:01
C0179,S0912,9,24,4512.23,No,61,Other,Bengaluru,Standard,999,Annual,12,11988,2024-12-10,2025-12-10,Cancelled,Debit Card,2025-08-16 12:40:12,2025-08-16 13:20:01
C0402,S0913,56,130,3754.84,Yes,33,Other,Pune,Basic,499,Monthly,1,499,2023-10-09,2023-11-09,Expired,Credit Card,2025-08-16 12:40:12,2025-08-16 13:20:01
C0064,S0914,11,29,2057.52,No,56,M,Mumbai,Standard,1999,Custom,5,9995,2023-11-25,2024-04-25,Active,Debit Card,2025-08-16 12:40:12,2025-08-16 13:20:01
C0230,S0915,54,74,3991.94,Yes,21,M,Chennai,Basic,2499,Custom,24,59976,2025-05-30,2027-05-30,On Hold,UPI,2025-08-16 12:40:12,2025-08-16 13:20:01
C0078,S0916,58,48,3606.62,Yes,37,Other,Pune,Basic,2499,Quarterly,3,7497,2023-10-17,2024-01-17,On Hold,Net Banking,2025-08-16 12:40:12,2025-08-16 13:20:01
C0347,S0917,27,2,1572.31,Yes,41,F,Lucknow,Standard,2499,Monthly,1,2499,2024-06-26,2024-07-26,On Hold,Net Banking,2025-08-16 12:40:12,2025-08-16 13:20:01
C0236,S0918,14,17,1022.85,Yes,21,F,Bengaluru,Basic,1999,Quarterly,3,5997,2024-12-24,2025-03-24,Cancelled,Net Banking,2025-08-16 12:40:12,2025-08-16 13:20:01
C0260,S0919,14,29,3313.31,No,29,Other,Delhi,Basic,2499,Monthly,1,2499,2024-06-12,2024-07-12,Expired,Credit Card,2025-08-16 12:40:12,2025-08-16 13:20:01
C0163,S0920,3,3,3906.63,No,31,Other,Chennai,Premium,1499,Annual,12,17988,2025-03-22,2026-03-22,On Hold,Debit Card,2025-08-16 12:40:12,2025-08-16 13:20:01
C0126,S0921,45,7,4048.13,No,33,F,Ahmedabad,Premium,1999,Annual,12,23988,2024-02-20,2025-02-20,Active,UPI,2025-08-16 12:40:12,2025-08-16 13:20:01
C0306,S0922,45,95,804.01,No,50,Other,Ahmedabad,Basic,999,Annual,12,11988,2024-02-10,2025-02-10,On Hold,Debit Card,2025-08-16 12:40:12,2025-08-16 13:20:01
C0284,S0923,22,41,4373.59,No,57,Other,Hyderabad,Premium,1499,Annual,12,17988,2025-07-07,2026-07-07,Expired,UPI,2025-08-16 12:40:12,2025-08-16 13:20:01
C0208,S0924,20,14,4484.2,No,34,M,Pune,Basic,2499,Custom,2,4998,2025-02-02,2025-04-02,On Hold,Debit Card,2025-08-16 12:40:12,2025-08-16 13:20:01
C0487,S0925,55,5,3005.94,No,63,Other,Jaipur,Standard,499,Custom,19,9481,2024-05-08,2025-12-08,Expired,Debit Card,2025-08-16 12:40:12,2025-08-16 13:20:01
C0414,S0926,45,115,4541.29,Yes,41,F,Delhi,Basic,1999,Annual,12,23988,2023-10-04,2024-10-04,On Hold,UPI,2025-08-16 12:40:12,2025-08-16 13:20:01
C0224,S0927,3,3,2013.07,No,65,Other,Pune,Premium,1999,Quarterly,3,5997,2024-08-10,2024-11-10,On Hold,Net Banking,2025-08-16 12:40:12,2025-08-16 13:20:01
C0312,S0928,18,22,1562.62,No,31,F,Pune,Standard,499,Custom,22,10978,2024-06-08,2026-04-08,Cancelled,Credit Card,2025-08-16 12:40:12,2025-08-16 13:20:01
C0456,S0929,50,92,4337.9,No,31,F,Mumbai,Standard,1499,Custom,6,8994,2025-07-31,2026-01-31,On Hold,Net Banking,2025-08-16 12:40:12,2025-08-16 13:20:01
C0212,S0930,6,6,1676.09,No,39,F,Ahmedabad,Premium,1999,Annual,12,23988,2024-08-25,2025-08-25,Expired,Credit Card,2025-08-16 12:40:12,2025-08-16 13:20:01
C0063,S0931,34,58,763.42,No,26,M,Kolkata,Basic,499,Custom,18,8982,2025-02-25,2026-08-25,On Hold,Net Banking,2025-08-16 12:40:12,2025-08-16 13:20:01
C0465,S0932,58,77,2654.32,Yes,44,F,Kolkata,Premium,1499,Quarterly,3,4497,2023-09-13,2023-12-13,Expired,Debit Card,2025-08-16 12:40:12,2025-08-16 13:20:01
C0239,S0933,15,40,3594.18,Yes,53,Other,Chennai,Premium,1499,Monthly,1,1499,2024-03-13,2024-04-13,Active,Debit Card,2025-08-16 12:40:12,2025-08-16 13:20:01
C0394,S0934,9,5,2771.06,No,46,Other,Kolkata,Basic,999,Annual,12,11988,2023-10-27,2024-10-27,On Hold,UPI,2025-08-16 12:40:12,2025-08-16 13:20:01
C0497,S0935,20,17,1174.1,Yes,59,F,Lucknow,Basic,1999,Quarterly,3,5997,2025-06-03,2025-09-03,Cancelled,UPI,2025-08-16 12:40:12,2025-08-16 13:20:01
C0472,S0937,23,42,2887.93,Yes,37,M,Delhi,Premium,499,Quarterly,3,1497,2025-01-21,2025-04-21,Cancelled,Debit Card,2025-08-16 12:40:12,2025-08-16 13:20:01
C0086,S0938,33,58,2451.38,No,37,M,Chennai,Premium,499,Custom,18,8982,2024-05-02,2025-11-02,Cancelled,Debit Card,2025-08-16 12:40:12,2025-08-16 13:20:01
C0139,S0940,34,14,4319.48,No,34,Other,Jaipur,Standard,999,Custom,22,21978,2025-08-06,2027-06-06,On Hold,Net Banking,2025-08-16 12:40:12,2025-08-16 13:20:01
C0429,S0941,9,16,1313.43,No,35,M,Lucknow,Premium,1999,Monthly,1,1999,2024-08-02,2024-09-02,Expired,Net Banking,2025-08-16 12:40:12,2025-08-16 13:20:01
C0292,S0942,45,131,1643.78,No,24,Other,Hyderabad,Basic,2499,Monthly,1,2499,2023-10-04,2023-11-04,On Hold,Debit Card,2025-08-16 12:40:12,2025-08-16 13:20:01
C0460,S0944,45,25,3316.82,No,35,M,Pune,Standard,499,Monthly,1,499,2023-10-21,2023-11-21,Active,Credit Card,2025-08-16 12:40:12,2025-08-16 13:20:01
C0005,S0945,11,4,4891.62,No,51,Other,Kolkata,Basic,1999,Annual,12,23988,2024-03-17,2025-03-17,Cancelled,Credit Card,2025-08-16 12:40:12,2025-08-16 13:20:01
C0486,S0946,35,4,1479.69,Yes,34,M,Kolkata,Standard,499,Quarterly,3,1497,2024-11-18,2025-02-18,Cancelled,Credit Card,2025-08-16 12:40:12,2025-08-16 13:20:01
C0492,S0947,56,62,1252.36,Yes,22,Other,Hyderabad,Basic,999,Monthly,1,999,2023-11-13,2023-12-13,Active,Debit Card,2025-08-16 12:40:12,2025-08-16 13:20:01
C0488,S0948,25,54,3061.78,No,56,F,Delhi,Basic,999,Monthly,1,999,2025-06-07,2025-07-07,Cancelled,Debit Card,2025-08-16 12:40:12,2025-08-16 13:20:01
C0266,S0949,12,27,1937.67,Yes,30,M,Lucknow,Basic,1499,Annual,12,17988,2023-12-04,2024-12-04,Active,Credit Card,2025-08-16 12:40:12,2025-08-16 13:20:01
C0029,S0950,25,39,3544.0,No,31,Other,Lucknow,Standard,1499,Annual,12,17988,2024-11-08,2025-11-08,On Hold,Net Banking,2025-08-16 12:40:12,2025-08-16 13:20:01
C0269,S0951,18,44,3601.44,Yes,58,Other,Mumbai,Standard,499,Custom,23,11477,2024-04-26,2026-03-26,Cancelled,Credit Card,2025-08-16 12:40:12,2025-08-16 13:20:01
C0332,S0952,15,5,1779.53,Yes,57,F,Lucknow,Premium,499,Quarterly,3,1497,2025-03-21,2025-06-21,Expired,Debit Card,2025-08-16 12:40:12,2025-08-16 13:20:01
C0479,S0953,33,12,3853.79,No,37,M,Pune,Standard,2499,Custom,13,32487,2025-05-26,2026-06-26,Active,Debit Card,2025-08-16 12:40:12,2025-08-16 13:20:01
C0307,S0955,20,26,4133.56,No,33,F,Hyderabad,Premium,2499,Annual,12,29988,2024-11-14,2025-11-14,Expired,Credit Card,2025-08-16 12:40:12,2025-08-16 13:20:01
C0387,S0956,31,18,958.95,No,38,F,Pune,Standard,2499,Monthly,1,2499,2025-07-04,2025-08-04,On Hold,Net Banking,2025-08-16 12:40:12,2025-08-16 13:20:01
C0213,S0957,37,69,966.06,No,61,F,Lucknow,Premium,1999,Monthly,1,1999,2023-08-24,2023-09-24,Cancelled,Net Banking,2025-08-16 12:40:12,2025-08-16 13:20:01
C0409,S0958,40,57,3770.13,No,62,Other,Bengaluru,Basic,499,Monthly,1,499,2025-06-29,2025-07-29,Active,UPI,2025-08-16 12:40:12,2025-08-16 13:20:01
C0419,S0959,42,68,1885.78,No,50,F,Bengaluru,Premium,2499,Custom,8,19992,2024-02-24,2024-10-24,Cancelled,Credit Card,2025-08-16 12:40:12,2025-08-16 13:20:01
C0111,S0960,42,116,796.67,Yes,21,F,Lucknow,Standard,1999,Monthly,1,1999,2025-04-13,2025-05-13,Active,Credit Card,2025-08-16 12:40:12,2025-08-16 13:20:01
C0277,S0961,19,16,896.67,No,56,F,Pune,Premium,999,Quarterly,3,2997,2025-02-11,2025-05-11,Active,UPI,2025-08-16 12:40:12,2025-08-16 13:20:01
C0385,S0962,19,28,583.78,Yes,60,Other,Ahmedabad,Premium,999,Custom,22,21978,2023-12-11,2025-10-11,Expired,UPI,2025-08-16 12:40:12,2025-08-16 13:20:01
C0484,S0963,39,6,1239.69,No,45,F,Hyderabad,Basic,1499,Custom,20,29980,2023-10-20,2025-06-20,Expired,UPI,2025-08-16 12:40:12,2025-08-16 13:20:01
C0383,S0964,55,24,1638.95,No,55,Other,Lucknow,Standard,1499,Quarterly,3,4497,2025-05-07,2025-08-07,Active,Credit Card,2025-08-16 12:40:12,2025-08-16 13:20:01
C0162,S0966,36,101,1856.91,No,43,F,Ahmedabad,Basic,499,Custom,22,10978,2024-06-03,2026-04-03,Expired,Debit Card,2025-08-16 12:40:12,2025-08-16 13:20:01
C0120,S0968,54,69,4650.43,No,44,Other,Lucknow,Basic,1999,Monthly,1,1999,2024-09-30,2024-10-30,Active,Credit Card,2025-08-16 12:40:12,2025-08-16 13:20:01
C0181,S0969,49,79,2503.1,Yes,56,Other,Pune,Premium,999,Annual,12,11988,2024-01-16,2025-01-16,Expired,UPI,2025-08-16 12:40:12,2025-08-16 13:20:01
C0353,S0970,27,21,1185.4,Yes,22,M,Kolkata,Basic,2499,Annual,12,29988,2025-04-28,2026-04-28,On Hold,Net Banking,2025-08-16 12:40:12,2025-08-16 13:20:01
C0128,S0971,45,19,523.67,Yes,41,F,Mumbai,Premium,499,Custom,8,3992,2023-11-07,2024-07-07,Cancelled,Net Banking,2025-08-16 12:40:12,2025-08-16 13:20:01
C0242,S0972,39,71,4036.28,No,57,M,Kolkata,Standard,499,Monthly,1,499,2024-09-13,2024-10-13,Cancelled,Debit Card,2025-08-16 12:40:12,2025-08-16 13:20:01
C0251,S0973,34,46,4946.22,No,52,F,Ahmedabad,Basic,2499,Monthly,1,2499,2025-07-12,2025-08-12,Cancelled,UPI,2025-08-16 12:40:12,2025-08-16 13:20:01
C0211,S0974,1,2,3725.1,No,58,M,Ahmedabad,Premium,2499,Quarterly,3,7497,2024-05-23,2024-08-23,Active,Credit Card,2025-08-16 12:40:12,2025-08-16 13:20:01
C0400,S0975,8,17,4888.85,No,52,F,Ahmedabad,Standard,999,Custom,14,13986,2024-01-06,2025-03-06,Active,Debit Card,2025-08-16 12:40:12,2025-08-16 13:20:01
C0297,S0976,17,3,1887.72,Yes,49,F,Bengaluru,Premium,499,Quarterly,3,1497,2024-01-01,2024-04-01,Active,Credit Card,2025-08-16 12:40:12,2025-08-16 13:20:01
C0454,S0977,29,65,4141.68,No,52,M,Jaipur,Premium,499,Custom,3,1497,2024-12-10,2025-03-10,On Hold,UPI,2025-08-16 12:40:12,2025-08-16 13:20:01
C0105,S0978,44,38,3329.83,Yes,52,Other,Chennai,Basic,999,Quarterly,3,2997,2024-01-27,2024-04-27,Cancelled,Debit Card,2025-08-16 12:40:12,2025-08-16 13:20:01
C0121,S0979,57,22,4752.49,No,43,Other,Ahmedabad,Standard,1499,Quarterly,3,4497,2024-06-09,2024-09-09,Cancelled,Credit Card,2025-08-16 12:40:12,2025-08-16 13:20:01
C0324,S0980,46,92,3152.74,No,37,M,Hyderabad,Basic,2499,Custom,5,12495,2025-01-03,2025-06-03,On Hold,Net Banking,2025-08-16 12:40:12,2025-08-16 13:20:01
C0244,S0981,32,8,2054.5,No,25,M,Bengaluru,Basic,2499,Custom,4,9996,2023-12-09,2024-04-09,Active,Net Banking,2025-08-16 12:40:12,2025-08-16 13:20:01
C0077,S0982,35,37,2526.6,No,61,F,Chennai,Premium,1499,Annual,12,17988,2025-08-03,2026-08-03,Cancelled,Credit Card,2025-08-16 12:40:12,2025-08-16 13:20:01
C0193,S0984,42,73,2586.52,Yes,51,Other,Bengaluru,Standard,999,Custom,24,23976,2025-04-20,2027-04-20,On Hold,Debit Card,2025-08-16 12:40:12,2025-08-16 13:20:01
C0223,S0985,28,82,3236.56,No,45,Other,Pune,Premium,1499,Monthly,1,1499,2023-09-28,2023-10-28,Expired,Net Banking,2025-08-16 12:40:12,2025-08-16 13:20:01
C0241,S0986,27,38,2367.54,No,64,Other,Lucknow,Standard,999,Annual,12,11988,2024-12-22,2025-12-22,On Hold,Credit Card,2025-08-16 12:40:12,2025-08-16 13:20:01
C0374,S0987,1,2,3790.85,Yes,59,M,Chennai,Standard,1499,Custom,6,8994,2025-08-09,2026-02-09,Cancelled,Debit Card,2025-08-16 12:40:12,2025-08-16 13:20:01
C0035,S0988,2,1,3886.51,No,24,F,Hyderabad,Standard,2499,Monthly,1,2499,2025-02-13,2025-03-13,Cancelled,Net Banking,2025-08-16 12:40:12,2025-08-16 13:20:01
C0042,S0989,26,4,4328.07,No,21,M,Chennai,Standard,1499,Quarterly,3,4497,2024-03-29,2024-06-29,Cancelled,Net Banking,2025-08-16 12:40:12,2025-08-16 13:20:01
C0166,S0990,24,55,4187.3,No,50,Other,Pune,Premium,1499,Monthly,1,1499,2025-01-30,2025-02-28,Active,Credit Card,2025-08-16 12:40:12,2025-08-16 13:20:01
C0483,S0991,10,14,1013.28,Yes,64,M,Hyderabad,Premium,499,Quarterly,3,1497,2025-08-02,2025-11-02,On Hold,Credit Card,2025-08-16 12:40:12,2025-08-16 13:20:01
C0072,S0992,44,128,1642.44,Yes,23,M,Hyderabad,Standard,1499,Quarterly,3,4497,2024-12-09,2025-03-09,Active,Net Banking,2025-08-16 12:40:12,2025-08-16 13:20:01
C0191,S0993,52,2,2095.53,No,49,M,Bengaluru,Basic,499,Annual,12,5988,2024-06-17,2025-06-17,Expired,Debit Card,2025-08-16 12:40:12,2025-08-16 13:20:01
C0164,S0994,16,1,3457.15,Yes,27,Other,Hyderabad,Premium,499,Custom,14,6986,2023-09-14,2024-11-14,Cancelled,Net Banking,2025-08-16 12:40:12,2025-08-16 13:20:01
C0340,S0995,48,41,3592.74,No,33,Other,Jaipur,Premium,1499,Custom,7,10493,2024-02-22,2024-09-22,On Hold,Credit Card,2025-08-16 12:40:12,2025-08-16 13:20:01
C0468,S0996,45,72,3390.68,No,57,M,Pune,Standard,1499,Annual,12,17988,2024-02-09,2025-02-09,On Hold,Net Banking,2025-08-16 12:40:12,2025-08-16 13:20:01
C0003,S0997,51,106,651.37,No,32,Other,Bengaluru,Basic,499,Monthly,1,499,2024-09-14,2024-10-14,Cancelled,Debit Card,2025-08-16 12:40:12,2025-08-16 13:20:01
C0279,S0998,42,29,3958.05,No,58,M,Delhi,Premium,2499,Custom,23,57477,2024-01-17,2025-12-17,Active,Debit Card,2025-08-16 12:40:12,2025-08-16 13:20:01
C0108,S0999,55,73,1714.62,Yes,22,M,Bengaluru,Basic,1999,Quarterly,3,5997,2024-11-26,2025-02-26,Expired,UPI,2025-08-16 12:40:12,2025-08-16 13:20:01
C0425,S1000,9,4,2503.5,Yes,31,M,Pune,Standard,999,Monthly,1,999,2023-12-17,2024-01-17,Active,Credit Card,2025-08-16 12:40:12,2025-08-16 13:20:01
